"Name","Extension","Size"
"abaliget.jpg",".jpg","354891"
"abaliget.mp3",".mp3","174816"
"abaligetallomaskep.jpg",".jpg","139541"
"abaliget-de.mp3",".mp3","210528"
"abaliget-en.mp3",".mp3","185760"
"abaligetito.jpg",".jpg","357883"
"adand.mp3",".mp3","244224"
"adandallomaskep.jpg",".jpg","137842"
"adand-de.mp3",".mp3","264816"
"adand-en.mp3",".mp3","246240"
"aligakikoto.jpg",".jpg","360591"
"aranypart.jpg",".jpg","278367"
"aranypontyhalaszatimuzeum.jpg",".jpg","55205"
"aranypontyhorgaszcentrum.jpg",".jpg","89250"
"ata.mp3",".mp3","282960"
"ataallomaskep.jpg",".jpg","229714"
"ata-en.mp3",".mp3","323280"
"augusz.jpg",".jpg","485744"
"badacsony.jpg",".jpg","10862"
"balatonaliga.mp3",".mp3","255600"
"balatonaligaallomaskep.jpg",".jpg","128120"
"balatonaligabelso.jpg",".jpg","450927"
"balatonaliga-de.mp3",".mp3","280512"
"balatonaliga-en.mp3",".mp3","274896"
"balatonalmadibelso.jpg",".jpg","350653"
"balatonbereny.mp3",".mp3","204048"
"balatonberenyallomaskep.jpg",".jpg","141102"
"balatonberenybelso.jpg",".jpg","423200"
"balatonbereny-de.mp3",".mp3","231840"
"balatonbereny-en.mp3",".mp3","224928"
"balatonboglar.mp3",".mp3","383184"
"balatonboglarallomaskep.jpg",".jpg","131796"
"balatonboglarbelso.jpg",".jpg","418007"
"balatonboglarborvidek.jpg",".jpg","163420"
"balatonboglar-de.mp3",".mp3","317088"
"balatonboglar-en.mp3",".mp3","398592"
"balatonboglarkikoto.jpg",".jpg","11811"
"balatonfenyves.mp3",".mp3","338688"
"balatonfenyvesallomaskep.jpg",".jpg","76579"
"balatonfenyves-de.mp3",".mp3","370944"
"balatonfenyves-en.mp3",".mp3","375264"
"balatonfenyvesikisvasut.jpg",".jpg","41940"
"balatonfenyvesistrand.jpg",".jpg","140519"
"balatonfoldvar.mp3",".mp3","368064"
"balatonfoldvarallomaskep.jpg",".jpg","185532"
"balatonfoldvarbelso.jpg",".jpg","345224"
"balatonfoldvar-de.mp3",".mp3","387648"
"balatonfoldvar-en.mp3",".mp3","370224"
"balatonlelle.mp3",".mp3","428544"
"balatonlelleallomaskep.jpg",".jpg","131859"
"balatonlelle-de.mp3",".mp3","375696"
"balatonlelle-en.mp3",".mp3","371232"
"balatonmariafurdo.mp3",".mp3","284544"
"balatonmariafurdoallomaskep.jpg",".jpg","115961"
"balatonmariafurdo-de.mp3",".mp3","276048"
"balatonmariafurdo-en.mp3",".mp3","314208"
"balatonszarszo.mp3",".mp3","331488"
"balatonszarszoallomaskep.jpg",".jpg","162112"
"balatonszarszobelso.jpg",".jpg","428288"
"balatonszarszo-de.mp3",".mp3","333360"
"balatonszarszo-en.mp3",".mp3","324720"
"balatonszemes.mp3",".mp3","322560"
"balatonszemesallomaskep.jpg",".jpg","125503"
"balatonszemesbelso.jpg",".jpg","350232"
"balatonszemes-de.mp3",".mp3","357120"
"balatonszemes-en.mp3",".mp3","314496"
"balatonszentgyorgy.mp3",".mp3","385344"
"balatonszentgyorgyallomaskep.jpg",".jpg","110732"
"balatonszentgyorgybelso.jpg",".jpg","366852"
"balatonszentgyorgy-de.mp3",".mp3","396864"
"balatonszentgyorgy-en.mp3",".mp3","353664"
"baranyfok.jpg",".jpg","80826"
"barcs.mp3",".mp3","346896"
"barcs_furdo.jpg",".jpg","78047"
"barcsallomaskep.jpg",".jpg","110074"
"barcs-de.mp3",".mp3","360144"
"barcs-en.mp3",".mp3","344448"
"bataszek.mp3",".mp3","316656"
"bataszekallomaskep.jpg",".jpg","87545"
"bataszek-en.mp3",".mp3","312624"
"bellaallatpark.jpg",".jpg","913518"
"bormuzeum.jpg",".jpg","240465"
"brunszvik.jpg",".jpg","7704904"
"buso.jpg",".jpg","1236440"
"Bzmot-.pdf",".pdf","59862"
"csapody_kastely.jpg",".jpg","633462"
"csapody_kastely.webp",".webp","392774"
"csicsergofelsziget.jpg",".jpg","204674"
"csikygergelyszinhaz_logo.png",".png","7014"
"csillag.jpg",".jpg","579667"
"csillag.webp",".webp","359916"
"csillagvarmuzeum.jpg",".jpg","1904944"
"csurgo.jpg",".jpg","2426935"
"deseda.jpg",".jpg","618560"
"dombovar.mp3",".mp3","420336"
"dombovarallomaskep.jpg",".jpg","109974"
"dombovarbelso.png",".png","1131268"
"dombovar-de.mp3",".mp3","318384"
"dombovar-en.mp3",".mp3","402048"
"dombovarvasutpark.jpg",".jpg","152534"
"draskovichkastely.jpg",".jpg","415264"
"drava.jpg",".jpg","368688"
"drava_muzeum.jpg",".jpg","133921"
"drava_muzeum.webp",".webp","62216"
"dunadrava.jpg",".jpg","1328924"
"dunapart.jpg",".jpg","303078"
"emlekhaz.jpg",".jpg","159923"
"erd.mp3",".mp3","292608"
"erd_minaret.jpg",".jpg","736425"
"erd-en.mp3",".mp3","331056"
"erzsebet_ter.jpg",".jpg","52013"
"favicon.ico",".ico","1406"
"festeticskastely.jpg",".jpg","1461879"
"fonyod.mp3",".mp3","342576"
"fonyodallomaskep.jpg",".jpg","126044"
"fonyodbelso.jpg",".jpg","213984"
"fonyod-de.mp3",".mp3","373680"
"fonyod-en.mp3",".mp3","385056"
"forditotthaz.jpg",".jpg","388188"
"fundoklia.jpg",".jpg","327128"
"garda.jpg",".jpg","1079886"
"gombkilato.jpg",".jpg","1495827"
"gunarasfurdo.jpg",".jpg","108147"
"gyekenyes.mp3",".mp3","215136"
"gyekenyesallomaskep.jpg",".jpg","153628"
"gyekenyesbelso.jpg",".jpg","395302"
"gyekenyes-de.mp3",".mp3","213840"
"gyekenyes-en.mp3",".mp3","215136"
"gyonki_templom.jpg",".jpg","532468"
"harkany.jpg",".jpg","44590"
"Ikarus-55.pdf",".pdf","321204"
"kalvaria.jpg",".jpg","78759"
"kapolna.jpg",".jpg","596622"
"Kaposvar belso3.png",".png","1519562"
"kaposvar terkep belso.png",".png","1253542"
"kaposvar.mp3",".mp3","378000"
"kaposvarallomaskep.jpg",".jpg","155401"
"kaposvarbelso.png",".png","1352531"
"kaposvarbelso2.png",".png","1327664"
"kaposvar-de.mp3",".mp3","454320"
"kaposvar-en.mp3",".mp3","406800"
"kaposvar-jelmagyarazattal.png",".png","1352531"
"kaszoivadaspark.jpg",".jpg","774428"
"katicatanya.jpg",".jpg","521165"
"keletistrand.jpg",".jpg","234649"
"keszohidegkut-gyonk.mp3.mp3",".mp3","216576"
"keszohidegkut-gyonkallomaskep.jpg",".jpg","131887"
"keszohidegkut-gyonk-en.mp3",".mp3","228672"
"kikoto.jpg",".jpg","1575995"
"kislak.jpg",".jpg","96875"
"kisvasut.jpg",".jpg","114502"
"kotenger.jpg",".jpg","162367"
"kotro.jpg",".jpg","180303"
"kriptavilla.jpg",".jpg","193750"
"kultik_logo.png",".png","19102"
"lellebelso.jpg",".jpg","163842"
"lelleoriaskerek.jpg",".jpg","470624"
"lellevidampark.jpg",".jpg","263905"
"lengyeltoti.mp3",".mp3","282528"
"lengyeltotiallomaskep.jpg",".jpg","118537"
"lengyeltoti-en.mp3",".mp3","339696"
"lepsenybelso.png",".png","203209"
"lorinc.mp3",".mp3","261648"
"lorinc-de.mp3",".mp3","269568"
"lorinc-en.mp3",".mp3","246384"
"M62-.pdf",".pdf","105087"
"matrai_muzeum.jpg",".jpg","1574356"
"matricamuzeum.jpg",".jpg","68345"
"mavlogo.png",".png","33277"
"mohacs.mp3",".mp3","302976"
"mohacsallomaskep.jpg",".jpg","132586"
"mohacs-de.mp3",".mp3","328464"
"mohacs-en.mp3",".mp3","324576"
"molyhostolgy.jpg",".jpg","298874"
"nagyboldogasszonyplebaniatemplom.jpg",".jpg","117462"
"nagyferencgaleria.jpg",".jpg","245302"
"ocseny.mp3",".mp3","156384"
"ocsenyallomaskep.jpg",".jpg","127684"
"ocseny-en.mp3",".mp3","153936"
"okopark.jpg",".jpg","236937"
"orfu.jpg",".jpg","111057"
"osdravalatogatokozpont.jpg",".jpg","109655"
"osztopan.mp3",".mp3","261648"
"osztopanallomaskep.jpg",".jpg","84884"
"osztopan-en.mp3",".mp3","360864"
"ozoravar.jpg",".jpg","628575"
"panoramastrand.jpg",".jpg","199081"
"pecs.jpg",".jpg","975032"
"pecs.mp3",".mp3","337248"
"pecsallomaskep.jpg",".jpg","109019"
"pecsbelso.png",".png","1416021"
"pecs-belso-terkep.png",".png","132510"
"pecs-de.mp3",".mp3","329616"
"pecs-en.mp3",".mp3","347616"
"pecs-helyszinrajz-v-1-1_page-0001.jpg",".jpg","2223621"
"pincehely.jpg",".jpg","171095"
"pincehely.mp3",".mp3","325440"
"pincehelyallomaskep.jpg",".jpg","191617"
"pincehely-en.mp3",".mp3","323424"
"postamuzeum.jpg",".jpg","11640"
"pusztaszabolcs.mp3",".mp3","201456"
"pusztaszabolcs-de.mp3",".mp3","230256"
"pusztaszabolcs-en.mp3",".mp3","207360"
"regeszetipark.jpg",".jpg","84701"
"repuloter.jpg",".jpg","5312699"
"revkapolna.jpg",".jpg","112847"
"rezervatum.jpg",".jpg","533802"
"roxinhaz_logo.png",".png","9894"
"sarbogard.mp3",".mp3","294480"
"sarbogardallomaskep.jpg",".jpg","129515"
"sarbogardbelso.jpg",".jpg","333126"
"sarbogard-de.mp3",".mp3","287136"
"sarbogard-en.mp3",".mp3","317808"
"sarbogarditemplom.jpg",".jpg","116420"
"script.js",".js","63151"
"sellye.mp3",".mp3","338688"
"sellyeallomaskep.jpg",".jpg","135501"
"sellye-en.mp3",".mp3","363888"
"sellyetermalfurdo.jpg",".jpg","78418"
"siklosivar.jpg",".jpg","35884"
"simontornya.mp3",".mp3","286848"
"simontornya_var.jpg",".jpg","267356"
"simontornyaallomaskep.jpg",".jpg","135414"
"simontornya-en.mp3",".mp3","303984"
"simontornyaivar.jpg",".jpg","2975799"
"simontornyatemplom.jpg",".jpg","68329"
"siofok.jpg",".jpg","88842"
"siofok.mp3",".mp3","391680"
"siofok.png",".png","2642569"
"siofokallomaskep.jpeg",".jpeg","9146"
"siofokallomaskep.jpg",".jpg","79685"
"siofokbelso.jpg",".jpg","517283"
"siofok-de.mp3",".mp3","396144"
"siofok-en.mp3",".mp3","398592"
"somogyszob.mp3",".mp3","125280"
"somogyszoballomaskep.jpg",".jpg","132758"
"somogyszob-en.mp3",".mp3","145296"
"somoskilato.jpg",".jpg","1414244"
"station-page-extras.js",".js","103829"
"station-page-renderer.js",".js","10221"
"station-smart-config.js",".js","31661"
"strandfesztival.jpg",".jpg","108013"
"style.css",".css","10737"
"szabadisosto.mp3",".mp3","211680"
"szabadisostoallomaskep.jpg",".jpg","130602"
"szabadisosto-en.mp3",".mp3","235440"
"szabadstrand.jpg",".jpg","119258"
"szallasretito.jpg",".jpg","358695"
"szantod.mp3",".mp3","353088"
"szantodallomaskep.jpg",".jpg","130193"
"szantodbelso.jpg",".jpg","334530"
"szantod-de.mp3",".mp3","332640"
"szantod-en.mp3",".mp3","368208"
"szantodkompkikoto.jpg",".jpg","88996"
"szazhalombatta.mp3",".mp3","200016"
"szazhalombatta-en.mp3",".mp3","236016"
"szekesfehervar.jpg",".jpg","1492001"
"szekszard.mp3",".mp3","226800"
"szekszardallomaskep.jpg",".jpg","325575"
"szekszardbelso.jpg",".jpg","504661"
"szekszard-de.mp3",".mp3","210528"
"szekszard-en.mp3",".mp3","263808"
"szentistvanter.jpg",".jpg","62258"
"szentlorincallomaskep.jpg",".jpg","133033"
"szentlorincsporttelep.jpg",".jpg","230349"
"szentorbankapolna.jpg",".jpg","536557"
"szigetvar.mp3",".mp3","146880"
"szigetvarallomaskep.jpg",".jpg","105371"
"szigetvar-en.mp3",".mp3","162864"
"szigetvarigyogyfurdo.jpg",".jpg","719113"
"szigetvarivar.jpg",".jpg","177218"
"szinhaz.jpg",".jpg","258672"
"szoloskislak.jpg",".jpg","13437"
"tab.mp3",".mp3","298944"
"taballomaskep.jpg",".jpg","103726"
"tab-en.mp3",".mp3","254448"
"tabtemplom.jpg",".jpg","227676"
"tajhaz.jpg",".jpg","117394"
"tamasi_furdo.jpg",".jpg","183704"
"tamasi_parkerdo.jpg",".jpg","805081"
"terkep_balatonaliga_v2428.pdf",".pdf","228146"
"terkep_balatonalmadi_v2424.pdf",".pdf","176370"
"terkep_balatonbereny_v2438.pdf",".pdf","253074"
"terkep_balatonboglar_v2421.pdf",".pdf","295664"
"terkep_balatonfoldvar_v2427.pdf",".pdf","191529"
"terkep_balatonszarszo_v2423.pdf",".pdf","234183"
"terkep_balatonszemes_v2442.pdf",".pdf","162243"
"terkep_balatonszentgyorgy_v2422.pdf",".pdf","181651"
"terkep_dombovar_v2420_page-0001.jpg",".jpg","1981634"
"terkep_gyekenyes_v2419.pdf",".pdf","223203"
"terkep_lepseny_v2427.pdf",".pdf","140372"
"terkep_sarbogard_v2440.pdf",".pdf","232690"
"terkep_siofok_v2424.pdf",".pdf","286138"
"terkep_szantod_v2431.pdf",".pdf","154694"
"terkep_szekszard_a3_v260326.pdf",".pdf","195526"
"terkep_villany_v2446.pdf",".pdf","185637"
"terkep_zamardi_v2421.pdf",".pdf","318792"
"torokhagyas_templomrom.jpg",".jpg","299863"
"torokhagyas_templomrom.webp",".webp","204152"
"TVG-.pdf",".pdf","253239"
"V43-.pdf",".pdf","102471"
"velenceito.jpg",".jpg","771845"
"vilaghaborukmuzeuma.jpg",".jpg","552000"
"villany.jpg",".jpg","198022"
"villany.mp3",".mp3","315216"
"villanyallomaskep.jpg",".jpg","167266"
"villanybelso.jpg",".jpg","345354"
"villany-de.mp3",".mp3","363456"
"villany-en.mp3",".mp3","319536"
"vilmahaza.jpg",".jpg","557414"
"zamardi.mp3",".mp3","392832"
"zamardiallomaskep.jpg",".jpg","98383"
"zamardibelso.jpg",".jpg","387604"
"zamardi-de.mp3",".mp3","382608"
"zamardi-en.mp3",".mp3","388368"
"zamardiring.jpg",".jpg","278524"
"zichymuvhaz.jpg",".jpg","295364"
"zselic.jpg",".jpg","349512"
"zsolnaynegyed.jpg",".jpg","68244"
